titulo,criado_em,tamanho,status,prioridade
Gerenciar agendamentos do paciente,2026-01-10,G,A fazer,1
Confirmar presença com um toque,2026-09-20,3,A fazer,2
Lembrete por WhatsApp 24h antes,2026-09-12,5,A fazer,3
Lembrete por WhatsApp 24 horas antes,2026-09-15,,A fazer,4
Relatório de faltas por profissional,2026-06-01,8,A fazer,5
Novo tema visual da agenda,2025-11-03,,A fazer,6
Sistema de cobrança completo,2025-12-15,21,A fazer,7
Integração com Google Agenda,2026-03-02,13,A fazer,8
Corrigir texto do FAQ,2026-09-30,1,Feito,9
Lista de espera automática,2026-02-20,,A fazer,10
